ctgry,media_jp,title_pickup,title_articles,link_pickup,link_articles,date_original
science,日テレNEWS NNN,映像 スペインなどで「皆既日食」,8/13(木) 8:35,https://news.yahoo.co.jp/pickup/6591528,,8/13(木) 8:35
science,tenki.jp,ペルセウス座流星群 13日に極大,8/13(木) 2:48,https://news.yahoo.co.jp/pickup/6591506,https://news.yahoo.co.jp/articles/c3fb7b38e5ea81121fd4253d2f30bd3f2688c0f4,8/13(木) 2:48
science,tenki.jp,ペルセウス座流星群 今夜から見頃,8/12(水) 16:37,https://news.yahoo.co.jp/pickup/6591458,https://news.yahoo.co.jp/articles/c3fb7b38e5ea81121fd4253d2f30bd3f2688c0f4,8/12(水) 16:37
science,オトナンサー,冷房で目がかすむ ドライアイ注意,8/12(水) 9:23,https://news.yahoo.co.jp/pickup/6591399,https://news.yahoo.co.jp/articles/8b02d7c20867d346330a8d545311d4b8cd8c0648,8/12(水) 9:23
science,ほ・とせなNEWS,小1で難病診断され 向き合う16歳,8/11(火) 18:41,https://news.yahoo.co.jp/pickup/6591345,https://news.yahoo.co.jp/articles/f671d0dc601c6806eba8f458fac7887cc9b10299,8/11(火) 18:41
science,産経新聞,H3ロケット成功 種子島で拍手,8/11(火) 16:55,https://news.yahoo.co.jp/pickup/6591333,https://news.yahoo.co.jp/articles/2a66642e0cb0089ac1007404e6bf5a005b99e3fc,8/11(火) 16:55
science,朝日新聞,富士山で遭難死 なぜか男性ばかり,8/11(火) 8:30,https://news.yahoo.co.jp/pickup/6591281,https://news.yahoo.co.jp/articles/968fd9f58ba181ea961a2acef1fa5a9e0e5c9551,8/11(火) 8:30
science,MBC南日本放送,H3ロケット9号機 打ち上げ成功,8/11(火) 7:22,https://news.yahoo.co.jp/pickup/6591271,https://news.yahoo.co.jp/articles/7983a5b1b838eb5153b9a4221dbfb6886e6989dc,8/11(火) 7:22
science,毎日新聞,心肺蘇生 命救う「3つのPUSH」,8/10(月) 23:27,https://news.yahoo.co.jp/pickup/6591265,https://news.yahoo.co.jp/articles/eeda0051e7732ee6f9d21c62149b11420932b484,8/10(月) 23:27
science,朝日新聞,大腸がん 毒素作る腸内細菌が関与,8/10(月) 20:10,https://news.yahoo.co.jp/pickup/6591240,https://news.yahoo.co.jp/articles/77cfb7c74dad9af8c38a83e4530aa28af915c66e,8/10(月) 20:10
science,ABEMA TIMES,強迫性障害 納得いくまで体洗う,8/9(日) 15:45,https://news.yahoo.co.jp/pickup/6591095,https://news.yahoo.co.jp/articles/d2bcf9a411a4e00b72fc59815766e108f6f9bb64,8/9(日) 15:45
science,MBSニュース,2歳がん診断 希望の薬は5500万円,8/8(土) 18:14,https://news.yahoo.co.jp/pickup/6591002,https://news.yahoo.co.jp/articles/b5fb26129c8dc98f3e11f32d87f48cb24b4c7c01,8/8(土) 18:14
science,共同通信,酸性飲料 水筒の傷で食中毒に?,8/8(土) 10:21,https://news.yahoo.co.jp/pickup/6590946,,8/8(土) 10:21
science,読売新聞オンライン,過剰な餌「ウサギの島」に異変,8/7(金) 22:28,https://news.yahoo.co.jp/pickup/6590912,https://news.yahoo.co.jp/articles/eecf062c2591d170ad4dcf0d8c48678663e9c890,8/7(金) 22:28
science,共同通信,生成AIが新ウイルス設計 米研究,8/7(金) 20:40,https://news.yahoo.co.jp/pickup/6590898,https://news.yahoo.co.jp/articles/bc04200306bc0e5d316e318d4c9b98a418effb98,8/7(金) 20:40
science,オリコン,ペンギン4羽死ぬ 園が死因発表,8/7(金) 17:40,https://news.yahoo.co.jp/pickup/6590882,https://news.yahoo.co.jp/articles/6087e3f1fbb741fa26a7578e384845557b54bfa0,8/7(金) 17:40
science,メディカルドック,倉持由香 子の「自閉症」告知に涙,8/7(金) 16:43,https://news.yahoo.co.jp/pickup/6590871,https://news.yahoo.co.jp/articles/b6c9d9aed868b83d377c7e31490d638d5faedb4d,8/7(金) 16:43
science,読売新聞オンライン,50年正体わからぬ「Wow!信号」,8/7(金) 12:20,https://news.yahoo.co.jp/pickup/6590853,https://news.yahoo.co.jp/articles/6e4d742703639ea6174980768bfcf4416c5f75f8,8/7(金) 12:20
science,共同通信,月のロケット残骸衝突跡 画像公開,8/7(金) 9:26,https://news.yahoo.co.jp/pickup/6590828,https://news.yahoo.co.jp/articles/5db2d4b85ed1a0be80ca7c8ed6bcd3a39bda09e7,8/7(金) 9:26
science,読売新聞オンライン,女性研究者支援 新制度設ける方針,8/7(金) 7:58,https://news.yahoo.co.jp/pickup/6590820,https://news.yahoo.co.jp/articles/e4bdae11f83eeb8e78b8d0987cd449f4c362732a,8/7(金) 7:58
